{"cameraMode":{"drawMode":0,"name":"Shaded","section":"Shading Mode"},"sceneLighting":true,"audioPlay":false,"sceneViewState":{"showFog":true,"showMaterialUpdate":false,"showSkybox":true,"showFlares":true,"showImageEffects":true,"showParticleSystems":true},"in2DMode":false,"pivot":{"x":0.3487599194049835,"y":10.303993225097657,"z":2.390528917312622},"rotation":{"x":0.078879214823246,"y":0.03339521586894989,"z":-0.00259661627933383,"w":0.996354877948761},"size":4.240812301635742,"orthographic":false}