{"cameraMode":{"drawMode":0,"name":"Shaded","section":"Shading Mode"},"sceneLighting":true,"audioPlay":false,"sceneViewState":{"showFog":true,"showMaterialUpdate":false,"showSkybox":true,"showFlares":true,"showImageEffects":true,"showParticleSystems":true},"in2DMode":false,"pivot":{"x":15.039999961853028,"y":10.380000114440918,"z":-6.639999866485596},"rotation":{"x":0.10410428047180176,"y":0.7073013186454773,"z":-0.10652527958154679,"w":0.691073477268219},"size":13.208805084228516,"orthographic":false}